[
{
    "ParameterKey": "PrimaryAccountName",
    "ParameterValue": "primary"
},
{
    "ParameterKey": "PrimaryAccountID",
    "ParameterValue": "$[alfred_ssm_/org/primary/account_id]"
},
{
    "ParameterKey": "PrimaryAccountVPCID",
    "ParameterValue": "$[alfred_ssm_/org/primary/vpc_id]"
},
{
    "ParameterKey": "PrimaryAccountPrivateRouteTableIDs",
    "ParameterValue": "$[alfred_ssm_/org/primary/vpc_private_route_ids]"
},
{
    "ParameterKey": "SharedServiceAccountID",
    "ParameterValue": "$[alfred_ssm_/org/member/sharedservices/account_id]"
},
{
    "ParameterKey": "SharedServiceAccountPrivateRouteTableIDs",
    "ParameterValue": "$[alfred_ssm_/org/member/sharedservices/vpc_private_route_ids]"
},
{
  "ParameterKey": "SharedServiceVPCID",
  "ParameterValue": "$[alfred_ssm_/org/member/sharedservices/vpc_id]"
},
{
  "ParameterKey": "SharedServiceVPCRegion",
  "ParameterValue": "$[alfred_ssm_/org/member/sharedservices/vpc_region]"
},
{
    "ParameterKey": "PrivateSubnet1ID",
    "ParameterValue": "$[alfred_ssm_/org/primary/private_subnet1_id]"
},
{
    "ParameterKey": "PrivateSubnet2ID",
    "ParameterValue": "$[alfred_ssm_/org/primary/private_subnet2_id]"
},
{
    "ParameterKey": "DomainDNSName",
    "ParameterValue": "$[alfred_ssm_/org/directory_service/domain_dns_name]"
},
{
    "ParameterKey": "DomainNetBIOSName",
    "ParameterValue": "$[alfred_ssm_/org/directory_service/domain_netbios_name]"
},
{
    "ParameterKey": "ConnectorUserName",
    "ParameterValue": "connector"
},
{
    "ParameterKey": "ConnectorPassword",
    "ParameterValue": "_alfred_decapsulation_/_get_ssm_secure_string_/org/directory_service/connector_password"
},
{
    "ParameterKey": "ADServer1PrivateIP",
    "ParameterValue": "$[alfred_ssm_/org/directory_service/ad_server1_private_ip]"
},
{
    "ParameterKey": "ADServer2PrivateIP",
    "ParameterValue": "$[alfred_ssm_/org/directory_service/ad_server2_private_ip]"
},
    {
    "ParameterKey": "ALZRegion",
    "ParameterValue": {{ alz_region }}
}
]
